INSERT INTO Author (Authorid,firstname,lastname) VALUES (1,'James','odio'),(2,'Kato','Donec'),(3,'Matthew','egestas.'),(4,'Howard','eget,'),(5,'Edan','Lorem'),(6,'Wallace','Mauris'),(7,'Leo','non'),(8,'Kane','Nunc'),(9,'Martin','nec,'),(10,'Tate','molestie');
INSERT INTO Author (Authorid,firstname,lastname) VALUES (11,'Mohammad','Etiam'),(12,'Tarik','sodales.'),(13,'Yardley','Sed'),(14,'Dale','egestas,'),(15,'Callum','Nunc'),(16,'Clark','lorem,'),(17,'Kelly','nibh.'),(18,'Abraham','nascetur'),(19,'Allen','Donec'),(20,'Judah','cursus');
INSERT INTO Author (Authorid,firstname,lastname) VALUES (21,'Rogan','Nunc'),(22,'Howard','Cras'),(23,'Colorado','orci'),(24,'Allen','vulputate'),(25,'Michael','tristique'),(26,'Gray','ridiculus'),(27,'Cedric','metus'),(28,'Dominic','Mauris'),(29,'Brady','purus.'),(30,'Armando','egestas.');
INSERT INTO Author (Authorid,firstname,lastname) VALUES (31,'Zachary','risus.'),(32,'Ezra','Aliquam'),(33,'Baxter','rutrum,'),(34,'Oleg','ac'),(35,'Fuller','cubilia'),(36,'Flynn','Fusce'),(37,'Marsden','taciti'),(38,'Hayes','auctor'),(39,'Ronan','lorem'),(40,'Amery','tincidunt,');
INSERT INTO Author (Authorid,firstname,lastname) VALUES (41,'Shad','gravida'),(42,'Lee','vitae'),(43,'Herrod','mollis.'),(44,'Tad','ad'),(45,'Jacob','amet'),(46,'Kamal','Ut'),(47,'Kenneth','vehicula'),(48,'Sawyer','diam.'),(49,'Geoffrey','fringilla'),(50,'Rajah','lorem.');
INSERT INTO Author (Authorid,firstname,lastname) VALUES (51,'Colorado','nibh'),(52,'Price','tempor'),(53,'Octavius','non'),(54,'Kermit','montes,'),(55,'Upton','feugiat'),(56,'Victor','lobortis'),(57,'Axel','Morbi'),(58,'Blake','in,'),(59,'Xavier','velit'),(60,'Timon','turpis');
INSERT INTO Author (Authorid,firstname,lastname) VALUES (61,'Kasper','purus,'),(62,'Conan','luctus.'),(63,'Clayton','quis,'),(64,'Evan','turpis.'),(65,'Ferdinand','magnis'),(66,'Galvin','Duis'),(67,'Keane','In'),(68,'Gage','lectus'),(69,'Fritz','arcu.'),(70,'Rigel','Nunc');
INSERT INTO Author (Authorid,firstname,lastname) VALUES (71,'Edan','at,'),(72,'Garth','nec'),(73,'Melvin','ultrices'),(74,'Knox','Curabitur'),(75,'Avram','fringilla'),(76,'Alec','risus'),(77,'Colton','Vivamus'),(78,'Alden','neque.'),(79,'Lane','Donec'),(80,'Hayes','vestibulum');
INSERT INTO Author (Authorid,firstname,lastname) VALUES (81,'Dillon','ut'),(82,'Lance','felis,'),(83,'William','sapien'),(84,'Brody','Duis'),(85,'Chester','gravida.'),(86,'Ryan','a,'),(87,'Joel','non,'),(88,'Griffin','a'),(89,'Kieran','arcu.'),(90,'Thaddeus','consequat');
INSERT INTO Author (Authorid,firstname,lastname) VALUES (91,'Kane','nec'),(92,'Peter','nunc'),(93,'Murphy','nibh.'),(94,'Ulysses','sagittis'),(95,'Jermaine','in,'),(96,'Ivor','sodales'),(97,'Wallace','et'),(98,'Ezekiel','parturient'),(99,'Yasir','ac'),(100,'Hammett','massa');

INSERT INTO Book (isbn,author,price,title) VALUES (1,'Barrett','69.82','lacinia orci,'),(2,'Cameron','31.89','vulputate mauris'),(3,'Quamar','92.90','est arcu'),(4,'Kennedy','71.87','malesuada augue'),(5,'Merritt','71.47','rutrum, justo.'),(6,'Raja','8.36','lorem vitae'),(7,'Joshua','13.61','Nunc quis'),(8,'Graham','91.88','sodales elit'),(9,'Jasper','60.61','leo. Morbi'),(10,'Devin','24.47','egestas a,');
INSERT INTO Book (isbn,author,price,title) VALUES (11,'Uriel','8.24','non, feugiat'),(12,'Carlos','78.00','posuere, enim'),(13,'Allistair','25.33','Mauris quis'),(14,'Brenden','19.68','nonummy. Fusce'),(15,'Paul','27.46','erat volutpat.'),(16,'Forrest','79.93','bibendum ullamcorper.'),(17,'Carter','6.39','augue, eu'),(18,'Jarrod','39.30','nisl arcu'),(19,'Quinlan','17.88','a, enim.'),(20,'Jerry','23.38','Mauris blandit');
INSERT INTO Book (isbn,author,price,title) VALUES (21,'Clayton','41.75','sed orci'),(22,'Shad','94.14','libero dui'),(23,'Kibo','24.18','Integer sem'),(24,'Salvador','24.19','lacus, varius'),(25,'Eaton','53.99','vel, faucibus'),(26,'Rigel','60.04','sit amet'),(27,'Nathaniel','37.03','vel arcu.'),(28,'Brenden','39.51','consectetuer adipiscing'),(29,'Dorian','7.58','Etiam bibendum'),(30,'Lucius','26.52','sed pede.');
INSERT INTO Book (isbn,author,price,title) VALUES (31,'Felix','17.40','dui, nec'),(32,'Jackson','56.21','consectetuer, cursus'),(33,'Igor','84.24','viverra. Donec'),(34,'Connor','75.58','sollicitudin commodo'),(35,'Orson','67.80','magna et'),(36,'Stephen','58.98','dictum mi,'),(37,'Keith','15.63','penatibus et'),(38,'Martin','46.29','amet, consectetuer'),(39,'Dante','72.25','Duis sit'),(40,'Dominic','93.46','Sed congue,');
INSERT INTO Book (isbn,author,price,title) VALUES (41,'Octavius','60.01','Etiam imperdiet'),(42,'Len','92.77','diam dictum'),(43,'Hashim','85.46','odio. Phasellus'),(44,'Gannon','74.69','amet orci.'),(45,'Driscoll','21.41','ut, pharetra'),(46,'Nigel','19.32','sollicitudin adipiscing'),(47,'Kibo','96.41','non, lobortis'),(48,'Conan','74.06','Curabitur vel'),(49,'Merrill','63.33','Nullam vitae'),(50,'Oleg','68.72','eleifend, nunc');
INSERT INTO Book (isbn,author,price,title) VALUES (51,'Alvin','72.17','non, hendrerit'),(52,'Jeremy','6.53','arcu. Vestibulum'),(53,'Allen','80.52','torquent per'),(54,'Jack','97.58','sem, consequat'),(55,'Wing','18.32','vitae, erat.'),(56,'Armando','86.82','Donec porttitor'),(57,'Colin','65.23','ipsum dolor'),(58,'Justin','75.58','dui. Fusce'),(59,'Baxter','53.92','sit amet'),(60,'Russell','22.08','eget, volutpat');
INSERT INTO Book (isbn,author,price,title) VALUES (61,'Talon','3.50','nulla. Integer'),(62,'Marshall','80.69','Nam ac'),(63,'Brady','43.61','orci luctus'),(64,'Kelly','8.62','et nunc.'),(65,'Herman','80.08','In mi'),(66,'Joshua','84.09','ante ipsum'),(67,'Hamish','40.71','sed, hendrerit'),(68,'Austin','34.78','nibh vulputate'),(69,'Josiah','64.55','Duis dignissim'),(70,'Beck','92.56','non, sollicitudin');
INSERT INTO Book (isbn,author,price,title) VALUES (71,'Alden','2.42','orci. Ut'),(72,'Kane','17.91','adipiscing, enim'),(73,'Barclay','85.30','quis urna.'),(74,'Christopher','20.70','eu dui.'),(75,'Xavier','97.97','libero est,'),(76,'Driscoll','4.09','Nunc sed'),(77,'Dale','54.93','id sapien.'),(78,'Judah','84.21','placerat, augue.'),(79,'Flynn','74.57','a, magna.'),(80,'Matthew','93.34','eu, ligula.');
INSERT INTO Book (isbn,author,price,title) VALUES (81,'Ezra','81.10','felis ullamcorper'),(82,'Branden','40.24','scelerisque sed,'),(83,'Kane','71.56','cubilia Curae;'),(84,'Alec','52.64','Proin nisl'),(85,'Dane','57.00','tempor arcu.'),(86,'Peter','61.98','id, erat.'),(87,'Rogan','81.23','nunc sit'),(88,'Ulric','25.02','Vivamus nisi.'),(89,'Lyle','96.74','Donec vitae'),(90,'Quamar','83.41','Fusce aliquet');
INSERT INTO Book (isbn,author,price,title) VALUES (91,'Orlando','24.32','odio a'),(92,'Hop','16.71','in, hendrerit'),(93,'Tad','59.67','metus. In'),(94,'Randall','69.18','luctus aliquet'),(95,'Caldwell','16.19','ipsum sodales'),(96,'Abraham','83.90','Curabitur ut'),(97,'Mufutau','3.43','enim. Suspendisse'),(98,'Travis','82.12','ipsum porta'),(99,'Alvin','98.17','neque tellus,'),(100,'Honorato','15.11','eu, ligula.');

INSERT INTO book_author (book,author) VALUES (64,41),(77,17),(51,54),(9,79),(64,6),(55,85),(24,64),(37,45),(40,9),(81,36);
INSERT INTO book_author (book,author) VALUES (52,37),(5,99),(98,51),(22,12),(49,61),(8,68),(94,39),(91,65),(10,37),(49,15);
INSERT INTO book_author (book,author) VALUES (77,45),(11,92),(20,35),(36,65),(24,47),(54,60),(81,19),(68,75),(69,19),(99,63);
INSERT INTO book_author (book,author) VALUES (72,14),(34,58),(76,69),(64,58),(2,66),(87,52),(74,73),(61,25),(93,11),(32,26);
INSERT INTO book_author (book,author) VALUES (80,19),(33,94),(21,18),(55,84),(15,48),(9,1),(25,20),(70,91),(16,71),(92,13);
INSERT INTO book_author (book,author) VALUES (32,100),(55,13),(15,71),(87,11),(44,12),(60,92),(63,88),(58,50),(31,26),(89,76);
INSERT INTO book_author (book,author) VALUES (78,59),(12,52),(97,41),(80,29),(41,23),(1,63),(45,56),(30,17),(27,31),(31,96);
INSERT INTO book_author (book,author) VALUES (96,53),(86,4),(58,75),(21,35),(57,27),(83,17),(30,21),(5,27),(71,7),(24,62);
INSERT INTO book_author (book,author) VALUES (8,35),(70,28),(82,11),(39,10),(8,29),(37,18),(53,20),(39,16),(25,26),(96,81);
INSERT INTO book_author (book,author) VALUES (22,91),(11,78),(8,78),(70,72),(4,14),(80,54),(87,10),(78,70),(50,58),(62,21);
